{
  "project_info": {
    "project_number": "237913508170",
    "project_id": "carboncalculator-81d03",
    "storage_bucket": "carboncalculator-81d03.firebasestorage.app"
  },
  "client": [
    {
      "client_info": {
        "mobilesdk_app_id": "1:237913508170:android:a5bb82a4080100400b99b3",
        "android_client_info": {
          "package_name": "com.example.module2"
        }
      },
      "oauth_client": [],
      "api_key": [
        {
          "current_key": "AIzaSyBLnmujHkGqyCHfm8tTZTjlH7KMHmAMkCQ"
        }
      ],
      "services": {
        "appinvite_service": {
          "other_platform_oauth_client": []
        }
      }
    }
  ],
  "configuration_version": "1"
}